model,split,accuracy,macro_f1
market_only,validation,0.5466666666666666,0.5446428571428571
market_only,test,0.5333333333333333,0.5320021394187913
full_text,validation,0.5066666666666667,0.5009890307498651
full_text,test,0.52,0.512987012987013
claim_aware,validation,0.5333333333333333,0.5320021394187913
claim_aware,test,0.5066666666666667,0.5034889962426194
