{
  "standard_bow": {
    "phrasebank_validation": {
      "accuracy": 0.756701030927835,
      "macro_f1": 0.7072279986002585,
      "confusion_matrix": [
        [
          35,
          21,
          4
        ],
        [
          10,
          240,
          38
        ],
        [
          7,
          38,
          92
        ]
      ],
      "labels": [
        "negative",
        "neutral",
        "positive"
      ]
    },
    "phrasebank_test": {
      "accuracy": 0.7525773195876289,
      "macro_f1": 0.7064346908688591,
      "confusion_matrix": [
        [
          37,
          16,
          8
        ],
        [
          13,
          242,
          33
        ],
        [
          3,
          47,
          86
        ]
      ],
      "labels": [
        "negative",
        "neutral",
        "positive"
      ]
    },
    "fiqa_test": {
      "accuracy": 0.23504273504273504,
      "macro_f1": 0.24561559338761416,
      "confusion_matrix": [
        [
          14,
          64,
          6
        ],
        [
          0,
          11,
          1
        ],
        [
          2,
          106,
          30
        ]
      ],
      "labels": [
        "negative",
        "neutral",
        "positive"
      ]
    }
  },
  "lm_restricted_bow": {
    "phrasebank_validation": {
      "accuracy": 0.6515463917525773,
      "macro_f1": 0.4732680190817197,
      "confusion_matrix": [
        [
          19,
          40,
          1
        ],
        [
          2,
          278,
          8
        ],
        [
          12,
          106,
          19
        ]
      ],
      "labels": [
        "negative",
        "neutral",
        "positive"
      ]
    },
    "phrasebank_test": {
      "accuracy": 0.6288659793814433,
      "macro_f1": 0.46326411040723947,
      "confusion_matrix": [
        [
          18,
          41,
          2
        ],
        [
          6,
          265,
          17
        ],
        [
          9,
          105,
          22
        ]
      ],
      "labels": [
        "negative",
        "neutral",
        "positive"
      ]
    },
    "fiqa_test": {
      "accuracy": 0.14957264957264957,
      "macro_f1": 0.1600318590145343,
      "confusion_matrix": [
        [
          9,
          74,
          1
        ],
        [
          0,
          12,
          0
        ],
        [
          3,
          121,
          14
        ]
      ],
      "labels": [
        "negative",
        "neutral",
        "positive"
      ]
    }
  },
  "gru": {
    "phrasebank_validation": {
      "accuracy": 0.7484536082474227,
      "macro_f1": 0.6915530242156409,
      "confusion_matrix": [
        [
          34,
          20,
          6
        ],
        [
          10,
          246,
          32
        ],
        [
          7,
          47,
          83
        ]
      ],
      "labels": [
        "negative",
        "neutral",
        "positive"
      ]
    },
    "phrasebank_test": {
      "accuracy": 0.7030927835051546,
      "macro_f1": 0.6459400270735735,
      "confusion_matrix": [
        [
          34,
          14,
          13
        ],
        [
          10,
          240,
          38
        ],
        [
          5,
          64,
          67
        ]
      ],
      "labels": [
        "negative",
        "neutral",
        "positive"
      ]
    },
    "fiqa_test": {
      "accuracy": 0.13675213675213677,
      "macro_f1": 0.14554052661153835,
      "confusion_matrix": [
        [
          8,
          70,
          6
        ],
        [
          0,
          11,
          1
        ],
        [
          2,
          123,
          13
        ]
      ],
      "labels": [
        "negative",
        "neutral",
        "positive"
      ]
    }
  },
  "raw_finbert": {
    "phrasebank_validation": {
      "accuracy": 0.8804123711340206,
      "macro_f1": 0.8687302871222707,
      "confusion_matrix": [
        [
          58,
          2,
          0
        ],
        [
          15,
          244,
          29
        ],
        [
          4,
          8,
          125
        ]
      ],
      "labels": [
        "negative",
        "neutral",
        "positive"
      ]
    },
    "phrasebank_test": {
      "accuracy": 0.8639175257731959,
      "macro_f1": 0.8578766584216501,
      "confusion_matrix": [
        [
          59,
          1,
          1
        ],
        [
          15,
          239,
          34
        ],
        [
          2,
          13,
          121
        ]
      ],
      "labels": [
        "negative",
        "neutral",
        "positive"
      ]
    },
    "fiqa_test": {
      "accuracy": 0.5085470085470085,
      "macro_f1": 0.48051450465243567,
      "confusion_matrix": [
        [
          51,
          26,
          7
        ],
        [
          2,
          10,
          0
        ],
        [
          8,
          72,
          58
        ]
      ],
      "labels": [
        "negative",
        "neutral",
        "positive"
      ]
    }
  },
  "finbert_finetuned": {
    "phrasebank_validation": {
      "accuracy": 0.8907216494845361,
      "macro_f1": 0.883134025315781,
      "confusion_matrix": [
        [
          53,
          7,
          0
        ],
        [
          7,
          252,
          29
        ],
        [
          1,
          9,
          127
        ]
      ],
      "labels": [
        "negative",
        "neutral",
        "positive"
      ]
    },
    "phrasebank_test": {
      "accuracy": 0.8742268041237113,
      "macro_f1": 0.8634762083817469,
      "confusion_matrix": [
        [
          52,
          5,
          4
        ],
        [
          8,
          253,
          27
        ],
        [
          0,
          17,
          119
        ]
      ],
      "labels": [
        "negative",
        "neutral",
        "positive"
      ]
    },
    "fiqa_test": {
      "accuracy": 0.4358974358974359,
      "macro_f1": 0.43557953847503733,
      "confusion_matrix": [
        [
          42,
          36,
          6
        ],
        [
          0,
          12,
          0
        ],
        [
          5,
          85,
          48
        ]
      ],
      "labels": [
        "negative",
        "neutral",
        "positive"
      ]
    }
  }
}