model,split,accuracy,macro_f1
tfidf_logreg,train,0.995609220636663,0.9927844584680637
tfidf_logreg,validation,0.9627329192546584,0.9393254192575844
tfidf_logreg,test,0.9329608938547486,0.8798657718120806
gru,train,0.8111964873765093,0.4478787878787879
gru,validation,0.8105590062111802,0.44768439108061747
gru,test,0.8175046554934823,0.44979508196721313
