model,split,accuracy,macro_f1
market_only_amp,validation,0.8601140040055462,0.48735306417684976
market_only_amp,test,0.8859345500314664,0.4778697138713342
structured_logreg,validation,0.8601140040055462,0.4883382157049853
structured_logreg,test,0.8876651982378855,0.4864455643053173
structured_mlp,validation,0.8573409336003698,0.46899804584662896
structured_mlp,test,0.8895531780994336,0.4859140908864666
