model,split,accuracy,macro_f1
market_only,train,0.5238392945279853,0.3586411608685822
market_only,validation,0.5278976572133169,0.3651472567143019
market_only,test,0.5147581517539793,0.3701045705761488
all_text,train,0.8125760916060676,0.8122630490781205
all_text,validation,0.5097102342786684,0.5096447085724256
all_text,test,0.5013135527739144,0.5006605955151817
claim_aware,train,0.8121154289098746,0.8117995873374602
claim_aware,validation,0.5101726263871763,0.5101122954808102
claim_aware,test,0.5006954102920723,0.5000963927958011
